x	y	class	solver	efm
1	-8.583466812666762	Markov	Markov	47
2	-7.838787164045794	Markov	Markov	2
3	-7.17441605357915	Markov	Markov	52
4	-7.005145365510258	Markov	Markov	4
5	-6.968584942502417	Markov	Markov	29
6	-6.9376725957972445	Markov	Markov	48
7	-6.26046571688929	Markov	Markov	42
8	-6.223905293881449	Markov	Markov	22
9	-6.192992947176276	Markov	Markov	43
10	-6.172275663811922	Markov	Markov	21
11	-5.596094606422646	Markov	Markov	54
12	-5.559534183414805	Markov	Markov	50
13	-5.528621836709633	Markov	Markov	36
14	-5.464224144210388	Markov	Markov	45
15	-5.390263495345914	Markov	Markov	31
16	-5.359351148640741	Markov	Markov	33
17	-5.205204176290648	Markov	Markov	26
18	-5.004245097583316	Markov	Markov	34
19	-4.9261565360259505	Markov	Markov	15
20	-4.71954449558942	Markov	Markov	53
21	-4.6455838467249455	Markov	Markov	28
22	-4.639658066113172	Markov	Markov	9
23	-4.614671500019773	Markov	Markov	49
24	-4.557393793647577	Markov	Markov	24
25	-4.526481446942404	Markov	Markov	19
26	-4.46052452766968	Markov	Markov	40
27	-4.316073097151795	Markov	Markov	27
28	-4.244384633760998	Markov	Markov	23
29	-4.055173385122776	Markov	Markov	44
30	-4.008309934230194	Markov	Markov	11
31	-3.981212736258302	Markov	Markov	51
32	-3.9503003895531292	Markov	Markov	37
33	-3.885902697053885	Markov	Markov	38
34	-3.731755724703792	Markov	Markov	10
35	-3.452708084439094	Markov	Markov	14
36	-3.3893632274189716	Markov	Markov	7
37	-3.2503777900526805	Markov	Markov	41
38	-3.2077730588053304	Markov	Markov	17
39	-3.141223048432917	Markov	Markov	32
40	-3.053032995355548	Markov	Markov	16
41	-2.987076076082824	Markov	Markov	25
42	-2.842624645564939	Markov	Markov	13
43	-2.770936182174142	Markov	Markov	35
44	-2.476851937966273	Markov	Markov	46
45	-2.158024642194502	Markov	Markov	18
46	-1.776929338465824	Markov	Markov	20
47	-1.6428114715769113	Markov	Markov	1
48	-1.5924466929050054	Markov	Markov	3
49	-1.5343440365927945	Markov	Markov	55
50	-1.4424931135266654	Markov	Markov	8
51	-1.3507144231112518	Markov	Markov	39
52	-1.2686622139274928	Markov	Markov	6
53	-1.227507247654119	Markov	Markov	12
54	-1.1109022944598081	Markov	Markov	5
55	-1.0287641160072927	Markov	Markov	30
1	-900.0	L2_norm	COSMO	47
2	-900.0	L2_norm	COSMO	2
3	-900.0	L2_norm	COSMO	52
4	-900.0	L2_norm	COSMO	4
5	-900.0	L2_norm	COSMO	29
6	-5.505465385152532	L2_norm	COSMO	48
7	-900.0	L2_norm	COSMO	42
8	-900.0	L2_norm	COSMO	22
9	-5.539540696406882	L2_norm	COSMO	43
10	-900.0	L2_norm	COSMO	21
11	-900.0	L2_norm	COSMO	54
12	-900.0	L2_norm	COSMO	50
13	-5.669968774480316	L2_norm	COSMO	36
14	-5.793767373337769	L2_norm	COSMO	45
15	-900.0	L2_norm	COSMO	31
16	-5.656751980918475	L2_norm	COSMO	33
17	-5.706714132229289	L2_norm	COSMO	26
18	-4.122693968277066	L2_norm	COSMO	34
19	-5.6929018372785105	L2_norm	COSMO	15
20	-5.863057421712654	L2_norm	COSMO	53
21	-900.0	L2_norm	COSMO	28
22	-900.0	L2_norm	COSMO	9
23	-5.705856458158702	L2_norm	COSMO	49
24	-900.0	L2_norm	COSMO	24
25	-5.690424512451787	L2_norm	COSMO	19
26	-5.762203754285677	L2_norm	COSMO	40
27	-5.913990430915845	L2_norm	COSMO	27
28	-5.988217802206322	L2_norm	COSMO	23
29	-3.9046385494577502	L2_norm	COSMO	44
30	-4.008561381104926	L2_norm	COSMO	11
31	-3.6761544239877124	L2_norm	COSMO	51
32	-5.913793479095903	L2_norm	COSMO	37
33	-4.038875001318535	L2_norm	COSMO	38
34	-3.609640459513635	L2_norm	COSMO	10
35	-3.4407915518111585	L2_norm	COSMO	14
36	-3.465364599142781	L2_norm	COSMO	7
37	-3.0478280306218926	L2_norm	COSMO	41
38	-3.2077403993983253	L2_norm	COSMO	17
39	-3.0690308758288367	L2_norm	COSMO	32
40	-3.022969408478391	L2_norm	COSMO	16
41	-2.996931981427185	L2_norm	COSMO	25
42	-2.828631329069952	L2_norm	COSMO	13
43	-2.756836182166188	L2_norm	COSMO	35
44	-2.4786329155894955	L2_norm	COSMO	46
45	-2.158020674683266	L2_norm	COSMO	18
46	-1.7856934000955738	L2_norm	COSMO	20
47	-1.6428125996960825	L2_norm	COSMO	1
48	-1.592443487218959	L2_norm	COSMO	3
49	-1.5343432863536506	L2_norm	COSMO	55
50	-1.4424938176513804	L2_norm	COSMO	8
51	-1.350709350419856	L2_norm	COSMO	39
52	-1.2686603807467516	L2_norm	COSMO	6
53	-1.2275074260479364	L2_norm	COSMO	12
54	-1.1109023381657586	L2_norm	COSMO	5
55	-1.028763391864298	L2_norm	COSMO	30
1	-900.0	L2_norm	OSQP	47
2	-900.0	L2_norm	OSQP	2
3	-900.0	L2_norm	OSQP	52
4	-900.0	L2_norm	OSQP	4
5	-900.0	L2_norm	OSQP	29
6	-900.0	L2_norm	OSQP	48
7	-4.379482033410877	L2_norm	OSQP	42
8	-900.0	L2_norm	OSQP	22
9	-900.0	L2_norm	OSQP	43
10	-900.0	L2_norm	OSQP	21
11	-3.1787580473165504	L2_norm	OSQP	54
12	-900.0	L2_norm	OSQP	50
13	-900.0	L2_norm	OSQP	36
14	-3.465178579424621	L2_norm	OSQP	45
15	-900.0	L2_norm	OSQP	31
16	-900.0	L2_norm	OSQP	33
17	-900.0	L2_norm	OSQP	26
18	-3.524343663684148	L2_norm	OSQP	34
19	-900.0	L2_norm	OSQP	15
20	-3.1470627384296685	L2_norm	OSQP	53
21	-900.0	L2_norm	OSQP	28
22	-900.0	L2_norm	OSQP	9
23	-900.0	L2_norm	OSQP	49
24	-900.0	L2_norm	OSQP	24
25	-900.0	L2_norm	OSQP	19
26	-900.0	L2_norm	OSQP	40
27	-900.0	L2_norm	OSQP	27
28	-900.0	L2_norm	OSQP	23
29	-2.874974768050128	L2_norm	OSQP	44
30	-4.009526178855209	L2_norm	OSQP	11
31	-3.3193008000256086	L2_norm	OSQP	51
32	-900.0	L2_norm	OSQP	37
33	-2.9456583262736538	L2_norm	OSQP	38
34	-3.039769059270057	L2_norm	OSQP	10
35	-3.0692781364871395	L2_norm	OSQP	14
36	-3.9365848752774384	L2_norm	OSQP	7
37	-2.165063875991969	L2_norm	OSQP	41
38	-3.2076105195860904	L2_norm	OSQP	17
39	-2.822921179522071	L2_norm	OSQP	32
40	-2.8461762534550217	L2_norm	OSQP	16
41	-2.89190228801297	L2_norm	OSQP	25
42	-2.722814926969222	L2_norm	OSQP	13
43	-2.669312768340703	L2_norm	OSQP	35
44	-2.6727915825477053	L2_norm	OSQP	46
45	-2.158121811143623	L2_norm	OSQP	18
46	-1.9815854055417363	L2_norm	OSQP	20
47	-1.6429024255436837	L2_norm	OSQP	1
48	-1.5925124005322695	L2_norm	OSQP	3
49	-1.5344234276016013	L2_norm	OSQP	55
50	-1.4425854331482404	L2_norm	OSQP	8
51	-1.3507934480900161	L2_norm	OSQP	39
52	-1.2687443025531655	L2_norm	OSQP	6
53	-1.2275943350597047	L2_norm	OSQP	12
54	-1.1109909296991716	L2_norm	OSQP	5
55	-1.028847903315054	L2_norm	OSQP	30
1	-900.0	qp_max_spa	COSMO	47
2	-900.0	qp_max_spa	COSMO	2
3	-900.0	qp_max_spa	COSMO	52
4	-900.0	qp_max_spa	COSMO	4
5	-900.0	qp_max_spa	COSMO	29
6	-900.0	qp_max_spa	COSMO	48
7	-900.0	qp_max_spa	COSMO	42
8	-900.0	qp_max_spa	COSMO	22
9	-900.0	qp_max_spa	COSMO	43
10	-900.0	qp_max_spa	COSMO	21
11	-4.81237140005718	qp_max_spa	COSMO	54
12	-900.0	qp_max_spa	COSMO	50
13	-900.0	qp_max_spa	COSMO	36
14	-900.0	qp_max_spa	COSMO	45
15	-900.0	qp_max_spa	COSMO	31
16	-900.0	qp_max_spa	COSMO	33
17	-900.0	qp_max_spa	COSMO	26
18	-4.650694281234855	qp_max_spa	COSMO	34
19	-900.0	qp_max_spa	COSMO	15
20	-900.0	qp_max_spa	COSMO	53
21	-900.0	qp_max_spa	COSMO	28
22	-5.510238285050199	qp_max_spa	COSMO	9
23	-900.0	qp_max_spa	COSMO	49
24	-900.0	qp_max_spa	COSMO	24
25	-900.0	qp_max_spa	COSMO	19
26	-900.0	qp_max_spa	COSMO	40
27	-900.0	qp_max_spa	COSMO	27
28	-900.0	qp_max_spa	COSMO	23
29	-3.858700219166629	qp_max_spa	COSMO	44
30	-4.008379079809348	qp_max_spa	COSMO	11
31	-3.7779969629517356	qp_max_spa	COSMO	51
32	-900.0	qp_max_spa	COSMO	37
33	-3.9802698187801124	qp_max_spa	COSMO	38
34	-3.619562947132326	qp_max_spa	COSMO	10
35	-3.4377954662475894	qp_max_spa	COSMO	14
36	-3.402812336888355	qp_max_spa	COSMO	7
37	-3.0329315325283313	qp_max_spa	COSMO	41
38	-3.2077611629721337	qp_max_spa	COSMO	17
39	-3.070391384505038	qp_max_spa	COSMO	32
40	-3.0244425679611733	qp_max_spa	COSMO	16
41	-2.9924114229899597	qp_max_spa	COSMO	25
42	-2.8280327685667985	qp_max_spa	COSMO	13
43	-2.756360036753925	qp_max_spa	COSMO	35
44	-2.4771307325462466	qp_max_spa	COSMO	46
45	-2.1580199494906864	qp_max_spa	COSMO	18
46	-1.7865229316962834	qp_max_spa	COSMO	20
47	-1.6428125699208025	qp_max_spa	COSMO	1
48	-1.5924471030214722	qp_max_spa	COSMO	3
49	-1.5343449254684045	qp_max_spa	COSMO	55
50	-1.4424939139858577	qp_max_spa	COSMO	8
51	-1.350710457565856	qp_max_spa	COSMO	39
52	-1.2686626451333776	qp_max_spa	COSMO	6
53	-1.2275079021580482	qp_max_spa	COSMO	12
54	-1.1109029095152574	qp_max_spa	COSMO	5
55	-1.0287644607327997	qp_max_spa	COSMO	30
1	-900.0	qp_max_spa	OSQP	47
2	-900.0	qp_max_spa	OSQP	2
3	-900.0	qp_max_spa	OSQP	52
4	-900.0	qp_max_spa	OSQP	4
5	-900.0	qp_max_spa	OSQP	29
6	-900.0	qp_max_spa	OSQP	48
7	-4.577128252967251	qp_max_spa	OSQP	42
8	-900.0	qp_max_spa	OSQP	22
9	-900.0	qp_max_spa	OSQP	43
10	-900.0	qp_max_spa	OSQP	21
11	-3.3004555879322477	qp_max_spa	OSQP	54
12	-900.0	qp_max_spa	OSQP	50
13	-900.0	qp_max_spa	OSQP	36
14	-900.0	qp_max_spa	OSQP	45
15	-900.0	qp_max_spa	OSQP	31
16	-900.0	qp_max_spa	OSQP	33
17	-900.0	qp_max_spa	OSQP	26
18	-3.3614205880308723	qp_max_spa	OSQP	34
19	-900.0	qp_max_spa	OSQP	15
20	-900.0	qp_max_spa	OSQP	53
21	-900.0	qp_max_spa	OSQP	28
22	-900.0	qp_max_spa	OSQP	9
23	-900.0	qp_max_spa	OSQP	49
24	-900.0	qp_max_spa	OSQP	24
25	-900.0	qp_max_spa	OSQP	19
26	-900.0	qp_max_spa	OSQP	40
27	-900.0	qp_max_spa	OSQP	27
28	-900.0	qp_max_spa	OSQP	23
29	-3.020664765894061	qp_max_spa	OSQP	44
30	-4.008399505061251	qp_max_spa	OSQP	11
31	-3.7364184460459406	qp_max_spa	OSQP	51
32	-900.0	qp_max_spa	OSQP	37
33	-3.2377674278959456	qp_max_spa	OSQP	38
34	-3.4034913704446907	qp_max_spa	OSQP	10
35	-3.369501015217126	qp_max_spa	OSQP	14
36	-900.0	qp_max_spa	OSQP	7
37	-2.51180044001172	qp_max_spa	OSQP	41
38	-3.2077574867723357	qp_max_spa	OSQP	17
39	-2.8948830142481325	qp_max_spa	OSQP	32
40	-2.9589548390849596	qp_max_spa	OSQP	16
41	-2.979920589002075	qp_max_spa	OSQP	25
42	-2.7617258425970004	qp_max_spa	OSQP	13
43	-2.699624240624521	qp_max_spa	OSQP	35
44	-2.6452782552577982	qp_max_spa	OSQP	46
45	-2.158020151722744	qp_max_spa	OSQP	18
46	-1.8477754878018242	qp_max_spa	OSQP	20
47	-1.6428126099077731	qp_max_spa	OSQP	1
48	-1.5924470017567713	qp_max_spa	OSQP	3
49	-1.5343448864465083	qp_max_spa	OSQP	55
50	-1.4424939047549545	qp_max_spa	OSQP	8
51	-1.350710428815533	qp_max_spa	OSQP	39
52	-1.2686624222636433	qp_max_spa	OSQP	6
53	-1.2275078547464955	qp_max_spa	OSQP	12
54	-1.1109034097720234	qp_max_spa	OSQP	5
55	-1.0287646099478964	qp_max_spa	OSQP	30
1	-6.095358789772455	lp_max_spa	GLPK	47
2	-900.0	lp_max_spa	GLPK	2
3	-900.0	lp_max_spa	GLPK	52
4	-5.0385973017293155	lp_max_spa	GLPK	4
5	-4.702204622567807	lp_max_spa	GLPK	29
6	-4.26168094171167	lp_max_spa	GLPK	48
7	-5.286076945310529	lp_max_spa	GLPK	42
8	-4.814023338380926	lp_max_spa	GLPK	22
9	-4.299757712066371	lp_max_spa	GLPK	43
10	-4.504027315112266	lp_max_spa	GLPK	21
11	-900.0	lp_max_spa	GLPK	54
12	-5.971299566389387	lp_max_spa	GLPK	50
13	-4.458446992105217	lp_max_spa	GLPK	36
14	-900.0	lp_max_spa	GLPK	45
15	-4.5435604124919	lp_max_spa	GLPK	31
16	-4.203193048211472	lp_max_spa	GLPK	33
17	-4.024543558374463	lp_max_spa	GLPK	26
18	-900.0	lp_max_spa	GLPK	34
19	-4.093754742485217	lp_max_spa	GLPK	15
20	-900.0	lp_max_spa	GLPK	53
21	-4.618008263654408	lp_max_spa	GLPK	28
22	-4.3854714095864935	lp_max_spa	GLPK	9
23	-4.2362843231620735	lp_max_spa	GLPK	49
24	-4.29974307758533	lp_max_spa	GLPK	24
25	-4.0729999269348625	lp_max_spa	GLPK	19
26	-4.046190775704863	lp_max_spa	GLPK	40
27	-4.172775443056249	lp_max_spa	GLPK	27
28	-4.152241657221713	lp_max_spa	GLPK	23
29	-900.0	lp_max_spa	GLPK	44
30	-4.0095322940339715	lp_max_spa	GLPK	11
31	-4.973171655833691	lp_max_spa	GLPK	51
32	-4.369677520321094	lp_max_spa	GLPK	37
33	-4.2646657110637385	lp_max_spa	GLPK	38
34	-4.8190265463670015	lp_max_spa	GLPK	10
35	-3.5472153266793143	lp_max_spa	GLPK	14
36	-3.359792509277966	lp_max_spa	GLPK	7
37	-4.075185535744121	lp_max_spa	GLPK	41
38	-3.2077661771676294	lp_max_spa	GLPK	17
39	-3.245833563812432	lp_max_spa	GLPK	32
40	-3.1095925761976706	lp_max_spa	GLPK	16
41	-2.9762147619621997	lp_max_spa	GLPK	25
42	-2.8488654675668723	lp_max_spa	GLPK	13
43	-2.774236826022412	lp_max_spa	GLPK	35
44	-2.442890878329921	lp_max_spa	GLPK	46
45	-2.158138787075406	lp_max_spa	GLPK	18
46	-1.764815097780059	lp_max_spa	GLPK	20
47	-1.6429202264384746	lp_max_spa	GLPK	1
48	-1.5925312093245754	lp_max_spa	GLPK	3
49	-1.534443265409828	lp_max_spa	GLPK	55
50	-1.4426017142546665	lp_max_spa	GLPK	8
51	-1.3508116146167433	lp_max_spa	GLPK	39
52	-1.2687621450751414	lp_max_spa	GLPK	6
53	-1.2276112600198692	lp_max_spa	GLPK	12
54	-1.111007144110663	lp_max_spa	GLPK	5
55	-1.028864819251054	lp_max_spa	GLPK	30
1	-900.0	lp_max_spa	Gurobi	47
2	-900.0	lp_max_spa	Gurobi	2
3	-900.0	lp_max_spa	Gurobi	52
4	-900.0	lp_max_spa	Gurobi	4
5	-3.9284612406676658	lp_max_spa	Gurobi	29
6	-900.0	lp_max_spa	Gurobi	48
7	-900.0	lp_max_spa	Gurobi	42
8	-900.0	lp_max_spa	Gurobi	22
9	-900.0	lp_max_spa	Gurobi	43
10	-900.0	lp_max_spa	Gurobi	21
11	-900.0	lp_max_spa	Gurobi	54
12	-900.0	lp_max_spa	Gurobi	50
13	-900.0	lp_max_spa	Gurobi	36
14	-900.0	lp_max_spa	Gurobi	45
15	-900.0	lp_max_spa	Gurobi	31
16	-900.0	lp_max_spa	Gurobi	33
17	-3.66550707944903	lp_max_spa	Gurobi	26
18	-900.0	lp_max_spa	Gurobi	34
19	-900.0	lp_max_spa	Gurobi	15
20	-900.0	lp_max_spa	Gurobi	53
21	-900.0	lp_max_spa	Gurobi	28
22	-4.434526285860291	lp_max_spa	Gurobi	9
23	-900.0	lp_max_spa	Gurobi	49
24	-4.315942100798624	lp_max_spa	Gurobi	24
25	-900.0	lp_max_spa	Gurobi	19
26	-900.0	lp_max_spa	Gurobi	40
27	-900.0	lp_max_spa	Gurobi	27
28	-900.0	lp_max_spa	Gurobi	23
29	-900.0	lp_max_spa	Gurobi	44
30	-4.008310674848841	lp_max_spa	Gurobi	11
31	-900.0	lp_max_spa	Gurobi	51
32	-900.0	lp_max_spa	Gurobi	37
33	-900.0	lp_max_spa	Gurobi	38
34	-900.0	lp_max_spa	Gurobi	10
35	-3.4383530334877097	lp_max_spa	Gurobi	14
36	-3.37894813229749	lp_max_spa	Gurobi	7
37	-3.177684959247461	lp_max_spa	Gurobi	41
38	-3.207763143306621	lp_max_spa	Gurobi	17
39	-3.089039666825765	lp_max_spa	Gurobi	32
40	-3.048232139752531	lp_max_spa	Gurobi	16
41	-2.9827985665418804	lp_max_spa	Gurobi	25
42	-2.8282656903322216	lp_max_spa	Gurobi	13
43	-2.756577282260625	lp_max_spa	Gurobi	35
44	-2.4379060725375785	lp_max_spa	Gurobi	46
45	-2.1580198988597434	lp_max_spa	Gurobi	18
46	-1.7795984241888558	lp_max_spa	Gurobi	20
47	-1.6428126895565207	lp_max_spa	Gurobi	1
48	-1.5924470357668206	lp_max_spa	Gurobi	3
49	-1.5343448228053682	lp_max_spa	Gurobi	55
50	-1.4424939045309342	lp_max_spa	Gurobi	8
51	-1.3507103856122133	lp_max_spa	Gurobi	39
52	-1.2686627173870035	lp_max_spa	Gurobi	6
53	-1.2275078860219748	lp_max_spa	Gurobi	12
54	-1.110902932827664	lp_max_spa	Gurobi	5
55	-1.0287644545287478	lp_max_spa	Gurobi	30
1	-900.0	lp_max_spa	SCIP	47
2	-900.0	lp_max_spa	SCIP	2
3	-900.0	lp_max_spa	SCIP	52
4	-900.0	lp_max_spa	SCIP	4
5	-900.0	lp_max_spa	SCIP	29
6	-900.0	lp_max_spa	SCIP	48
7	-900.0	lp_max_spa	SCIP	42
8	-900.0	lp_max_spa	SCIP	22
9	-900.0	lp_max_spa	SCIP	43
10	-900.0	lp_max_spa	SCIP	21
11	-900.0	lp_max_spa	SCIP	54
12	-900.0	lp_max_spa	SCIP	50
13	-900.0	lp_max_spa	SCIP	36
14	-900.0	lp_max_spa	SCIP	45
15	-900.0	lp_max_spa	SCIP	31
16	-900.0	lp_max_spa	SCIP	33
17	-900.0	lp_max_spa	SCIP	26
18	-900.0	lp_max_spa	SCIP	34
19	-900.0	lp_max_spa	SCIP	15
20	-3.9286986176636867	lp_max_spa	SCIP	53
21	-900.0	lp_max_spa	SCIP	28
22	-4.434525409252219	lp_max_spa	SCIP	9
23	-3.089039629807743	lp_max_spa	SCIP	49
24	-3.779314450415684	lp_max_spa	SCIP	24
25	-900.0	lp_max_spa	SCIP	19
26	-900.0	lp_max_spa	SCIP	40
27	-4.183009451992961	lp_max_spa	SCIP	27
28	-900.0	lp_max_spa	SCIP	23
29	-7.780706569562378	lp_max_spa	SCIP	44
30	-4.008310674848841	lp_max_spa	SCIP	11
31	-900.0	lp_max_spa	SCIP	51
32	-900.0	lp_max_spa	SCIP	37
33	-900.0	lp_max_spa	SCIP	38
34	-3.4763246239152297	lp_max_spa	SCIP	10
35	-3.438349024566876	lp_max_spa	SCIP	14
36	-3.37894813229749	lp_max_spa	SCIP	7
37	-900.0	lp_max_spa	SCIP	41
38	-3.207763143306621	lp_max_spa	SCIP	17
39	-900.0	lp_max_spa	SCIP	32
40	-3.109588823188828	lp_max_spa	SCIP	16
41	-3.0350254397997016	lp_max_spa	SCIP	25
42	-2.8478909877473635	lp_max_spa	SCIP	13
43	-2.756577282260625	lp_max_spa	SCIP	35
44	-2.4379060725375785	lp_max_spa	SCIP	46
45	-2.1580198988597434	lp_max_spa	SCIP	18
46	-1.7625707267360597	lp_max_spa	SCIP	20
47	-1.6428126895565207	lp_max_spa	SCIP	1
48	-1.5924470357668206	lp_max_spa	SCIP	3
49	-1.5343448228053682	lp_max_spa	SCIP	55
50	-1.4424939045309342	lp_max_spa	SCIP	8
51	-1.3507103856122133	lp_max_spa	SCIP	39
52	-1.2686627173870035	lp_max_spa	SCIP	6
53	-1.2275078860219748	lp_max_spa	SCIP	12
54	-1.110902932827664	lp_max_spa	SCIP	5
55	-1.0287644545287478	lp_max_spa	SCIP	30
1	-900.0	lp_max_spa	CDDLib	47
2	-900.0	lp_max_spa	CDDLib	2
3	-900.0	lp_max_spa	CDDLib	52
4	-900.0	lp_max_spa	CDDLib	4
5	-900.0	lp_max_spa	CDDLib	29
6	-900.0	lp_max_spa	CDDLib	48
7	-900.0	lp_max_spa	CDDLib	42
8	-900.0	lp_max_spa	CDDLib	22
9	-900.0	lp_max_spa	CDDLib	43
10	-4.4345262858603425	lp_max_spa	CDDLib	21
11	-900.0	lp_max_spa	CDDLib	54
12	-900.0	lp_max_spa	CDDLib	50
13	-900.0	lp_max_spa	CDDLib	36
14	-900.0	lp_max_spa	CDDLib	45
15	-900.0	lp_max_spa	CDDLib	31
16	-900.0	lp_max_spa	CDDLib	33
17	-900.0	lp_max_spa	CDDLib	26
18	-900.0	lp_max_spa	CDDLib	34
19	-900.0	lp_max_spa	CDDLib	15
20	-900.0	lp_max_spa	CDDLib	53
21	-900.0	lp_max_spa	CDDLib	28
22	-900.0	lp_max_spa	CDDLib	9
23	-900.0	lp_max_spa	CDDLib	49
24	-900.0	lp_max_spa	CDDLib	24
25	-900.0	lp_max_spa	CDDLib	19
26	-900.0	lp_max_spa	CDDLib	40
27	-900.0	lp_max_spa	CDDLib	27
28	-3.037539319578464	lp_max_spa	CDDLib	23
29	-3.9283590563832633	lp_max_spa	CDDLib	44
30	-4.008305661896752	lp_max_spa	CDDLib	11
31	-3.8884990549058926	lp_max_spa	CDDLib	51
32	-900.0	lp_max_spa	CDDLib	37
33	-3.4763246239152292	lp_max_spa	CDDLib	38
34	-900.0	lp_max_spa	CDDLib	10
35	-3.438348385836243	lp_max_spa	CDDLib	14
36	-3.37894813229749	lp_max_spa	CDDLib	7
37	-900.0	lp_max_spa	CDDLib	41
38	-3.2076359074028367	lp_max_spa	CDDLib	17
39	-3.222916245402805	lp_max_spa	CDDLib	32
40	-3.042677963773413	lp_max_spa	CDDLib	16
41	-2.9008043341845893	lp_max_spa	CDDLib	25
42	-2.8282655856927215	lp_max_spa	CDDLib	13
43	-3.078646630177178	lp_max_spa	CDDLib	35
44	-2.468389118422265	lp_max_spa	CDDLib	46
45	-2.1580312489494773	lp_max_spa	CDDLib	18
46	-1.7625707267360597	lp_max_spa	CDDLib	20
47	-1.6428144164515586	lp_max_spa	CDDLib	1
48	-1.5924470357668206	lp_max_spa	CDDLib	3
49	-1.5343434851053503	lp_max_spa	CDDLib	55
50	-1.4424939045309342	lp_max_spa	CDDLib	8
51	-1.3507095122703179	lp_max_spa	CDDLib	39
52	-1.2686627167430526	lp_max_spa	CDDLib	6
53	-1.2275078886458182	lp_max_spa	CDDLib	12
54	-1.110902932827664	lp_max_spa	CDDLib	5
55	-1.0287644549117125	lp_max_spa	CDDLib	30
1	-5.509285666782918	lp_max_spa	ECOS	47
2	-5.521068298794512	lp_max_spa	ECOS	2
3	-5.460257687947617	lp_max_spa	ECOS	52
4	-5.308109550611146	lp_max_spa	ECOS	4
5	-5.125942193157975	lp_max_spa	ECOS	29
6	-4.917558225965813	lp_max_spa	ECOS	48
7	-5.329512431288465	lp_max_spa	ECOS	42
8	-5.094245346894923	lp_max_spa	ECOS	22
9	-4.847417970975803	lp_max_spa	ECOS	43
10	-5.34118367772671	lp_max_spa	ECOS	21
11	-5.306354720912388	lp_max_spa	ECOS	54
12	-5.027133721241689	lp_max_spa	ECOS	50
13	-4.785643851164207	lp_max_spa	ECOS	36
14	-4.901978392237962	lp_max_spa	ECOS	45
15	-4.681627264551726	lp_max_spa	ECOS	31
16	-4.329045827047452	lp_max_spa	ECOS	33
17	-4.343270095886683	lp_max_spa	ECOS	26
18	-5.463772035844027	lp_max_spa	ECOS	34
19	-4.127325532614285	lp_max_spa	ECOS	15
20	-4.845524988405064	lp_max_spa	ECOS	53
21	-4.5252935803431695	lp_max_spa	ECOS	28
22	-5.331768066692426	lp_max_spa	ECOS	9
23	-4.022739137782193	lp_max_spa	ECOS	49
24	-4.541113318531837	lp_max_spa	ECOS	24
25	-4.011250657533787	lp_max_spa	ECOS	19
26	-4.002410208431035	lp_max_spa	ECOS	40
27	-3.9713283281821985	lp_max_spa	ECOS	27
28	-3.9578590213937526	lp_max_spa	ECOS	23
29	-4.8577543405692	lp_max_spa	ECOS	44
30	-4.008351705713167	lp_max_spa	ECOS	11
31	-4.478855062342746	lp_max_spa	ECOS	51
32	-3.9232157658008022	lp_max_spa	ECOS	37
33	-4.044275680357338	lp_max_spa	ECOS	38
34	-4.043682083459457	lp_max_spa	ECOS	10
35	-3.5378062997075963	lp_max_spa	ECOS	14
36	-3.3825362397386476	lp_max_spa	ECOS	7
37	-4.126643133915473	lp_max_spa	ECOS	41
38	-3.2077596134717483	lp_max_spa	ECOS	17
39	-3.2476436924215744	lp_max_spa	ECOS	32
40	-3.090198054788063	lp_max_spa	ECOS	16
41	-2.9908797744358804	lp_max_spa	ECOS	25
42	-2.8606874028757017	lp_max_spa	ECOS	13
43	-2.784797678692609	lp_max_spa	ECOS	35
44	-2.4624651753919324	lp_max_spa	ECOS	46
45	-2.1580198866389346	lp_max_spa	ECOS	18
46	-1.7644528987869281	lp_max_spa	ECOS	20
47	-1.6428125900168722	lp_max_spa	ECOS	1
48	-1.5924470568765927	lp_max_spa	ECOS	3
49	-1.5343448529994665	lp_max_spa	ECOS	55
50	-1.4424938720583411	lp_max_spa	ECOS	8
51	-1.3507104069452356	lp_max_spa	ECOS	39
52	-1.2686626914848962	lp_max_spa	ECOS	6
53	-1.2275078621633715	lp_max_spa	ECOS	12
54	-1.110902917292905	lp_max_spa	ECOS	5
55	-1.0287644438552397	lp_max_spa	ECOS	30
1	-900.0	lp_max_spa	OSQP	47
2	-900.0	lp_max_spa	OSQP	2
3	-900.0	lp_max_spa	OSQP	52
4	-4.434524809174055	lp_max_spa	OSQP	4
5	-900.0	lp_max_spa	OSQP	29
6	-900.0	lp_max_spa	OSQP	48
7	-900.0	lp_max_spa	OSQP	42
8	-3.9286986176636867	lp_max_spa	OSQP	22
9	-900.0	lp_max_spa	OSQP	43
10	-900.0	lp_max_spa	OSQP	21
11	-900.0	lp_max_spa	OSQP	54
12	-900.0	lp_max_spa	OSQP	50
13	-900.0	lp_max_spa	OSQP	36
14	-900.0	lp_max_spa	OSQP	45
15	-900.0	lp_max_spa	OSQP	31
16	-900.0	lp_max_spa	OSQP	33
17	-3.5269849631683923	lp_max_spa	OSQP	26
18	-900.0	lp_max_spa	OSQP	34
19	-3.438349024566876	lp_max_spa	OSQP	15
20	-900.0	lp_max_spa	OSQP	53
21	-900.0	lp_max_spa	OSQP	28
22	-900.0	lp_max_spa	OSQP	9
23	-900.0	lp_max_spa	OSQP	49
24	-4.935165339652131	lp_max_spa	OSQP	24
25	-3.5928239390489463	lp_max_spa	OSQP	19
26	-900.0	lp_max_spa	OSQP	40
27	-900.0	lp_max_spa	OSQP	27
28	-900.0	lp_max_spa	OSQP	23
29	-900.0	lp_max_spa	OSQP	44
30	-4.008305661896752	lp_max_spa	OSQP	11
31	-900.0	lp_max_spa	OSQP	51
32	-900.0	lp_max_spa	OSQP	37
33	-900.0	lp_max_spa	OSQP	38
34	-900.0	lp_max_spa	OSQP	10
35	-900.0	lp_max_spa	OSQP	14
36	-3.37894813229749	lp_max_spa	OSQP	7
37	-900.0	lp_max_spa	OSQP	41
38	-3.2077631302502483	lp_max_spa	OSQP	17
39	-3.1090976915518	lp_max_spa	OSQP	32
40	-3.1699318489666672	lp_max_spa	OSQP	16
41	-3.0180695917324383	lp_max_spa	OSQP	25
42	-2.8282659147415528	lp_max_spa	OSQP	13
43	-2.7565767939683674	lp_max_spa	OSQP	35
44	-2.4379060868509583	lp_max_spa	OSQP	46
45	-2.1580198988597434	lp_max_spa	OSQP	18
46	-1.7625707267360597	lp_max_spa	OSQP	20
47	-1.6428126895565207	lp_max_spa	OSQP	1
48	-1.5924470357668206	lp_max_spa	OSQP	3
49	-1.5343448162823536	lp_max_spa	OSQP	55
50	-1.4424939045309342	lp_max_spa	OSQP	8
51	-1.3507103844412414	lp_max_spa	OSQP	39
52	-1.2686627167430526	lp_max_spa	OSQP	6
53	-1.2275078860219748	lp_max_spa	OSQP	12
54	-1.1109029335285796	lp_max_spa	OSQP	5
55	-1.0287644545287478	lp_max_spa	OSQP	30
1	-4.993689047495013	lp_max_spa	ProxSDP	47
2	-900.0	lp_max_spa	ProxSDP	2
3	-900.0	lp_max_spa	ProxSDP	52
4	-4.7342171856999515	lp_max_spa	ProxSDP	4
5	-4.93812573681324	lp_max_spa	ProxSDP	29
6	-4.200620743573998	lp_max_spa	ProxSDP	48
7	-900.0	lp_max_spa	ProxSDP	42
8	-900.0	lp_max_spa	ProxSDP	22
9	-4.415550157705016	lp_max_spa	ProxSDP	43
10	-900.0	lp_max_spa	ProxSDP	21
11	-900.0	lp_max_spa	ProxSDP	54
12	-900.0	lp_max_spa	ProxSDP	50
13	-4.416354266933809	lp_max_spa	ProxSDP	36
14	-4.831139658678117	lp_max_spa	ProxSDP	45
15	-4.7027704328421445	lp_max_spa	ProxSDP	31
16	-4.146909441017341	lp_max_spa	ProxSDP	33
17	-4.1319007172523685	lp_max_spa	ProxSDP	26
18	-900.0	lp_max_spa	ProxSDP	34
19	-3.701567526663197	lp_max_spa	ProxSDP	15
20	-900.0	lp_max_spa	ProxSDP	53
21	-4.133639020864848	lp_max_spa	ProxSDP	28
22	-4.329119158371322	lp_max_spa	ProxSDP	9
23	-4.3306362210015	lp_max_spa	ProxSDP	49
24	-4.16127545699172	lp_max_spa	ProxSDP	24
25	-4.308318941563834	lp_max_spa	ProxSDP	19
26	-4.307927499692797	lp_max_spa	ProxSDP	40
27	-4.307642454758117	lp_max_spa	ProxSDP	27
28	-4.311136817909315	lp_max_spa	ProxSDP	23
29	-900.0	lp_max_spa	ProxSDP	44
30	-4.223058917544919	lp_max_spa	ProxSDP	11
31	-4.158592207050107	lp_max_spa	ProxSDP	51
32	-4.331297416217558	lp_max_spa	ProxSDP	37
33	-4.637387965669705	lp_max_spa	ProxSDP	38
34	-4.592541121392334	lp_max_spa	ProxSDP	10
35	-3.8223074928017207	lp_max_spa	ProxSDP	14
36	-3.3821041918558996	lp_max_spa	ProxSDP	7
37	-4.306468289206784	lp_max_spa	ProxSDP	41
38	-3.260291526111723	lp_max_spa	ProxSDP	17
39	-3.2324971427441156	lp_max_spa	ProxSDP	32
40	-3.077130329042668	lp_max_spa	ProxSDP	16
41	-2.9552185108782725	lp_max_spa	ProxSDP	25
42	-2.843568521327198	lp_max_spa	ProxSDP	13
43	-2.769428226042287	lp_max_spa	ProxSDP	35
44	-2.4502069633575707	lp_max_spa	ProxSDP	46
45	-2.1532236295289753	lp_max_spa	ProxSDP	18
46	-1.7640614756897404	lp_max_spa	ProxSDP	20
47	-1.6429175586565883	lp_max_spa	ProxSDP	1
48	-1.5924992261106143	lp_max_spa	ProxSDP	3
49	-1.5344831428678862	lp_max_spa	ProxSDP	55
50	-1.4424939048852896	lp_max_spa	ProxSDP	8
51	-1.3508010077550472	lp_max_spa	ProxSDP	39
52	-1.2686381524617598	lp_max_spa	ProxSDP	6
53	-1.2274930266396156	lp_max_spa	ProxSDP	12
54	-1.110914270628624	lp_max_spa	ProxSDP	5
55	-1.0287751838316967	lp_max_spa	ProxSDP	30
1	-900.0	lp_max_spa	Tulip	47
2	-900.0	lp_max_spa	Tulip	2
3	-900.0	lp_max_spa	Tulip	52
4	-900.0	lp_max_spa	Tulip	4
5	-900.0	lp_max_spa	Tulip	29
6	-900.0	lp_max_spa	Tulip	48
7	-900.0	lp_max_spa	Tulip	42
8	-900.0	lp_max_spa	Tulip	22
9	-900.0	lp_max_spa	Tulip	43
10	-900.0	lp_max_spa	Tulip	21
11	-900.0	lp_max_spa	Tulip	54
12	-900.0	lp_max_spa	Tulip	50
13	-900.0	lp_max_spa	Tulip	36
14	-900.0	lp_max_spa	Tulip	45
15	-900.0	lp_max_spa	Tulip	31
16	-900.0	lp_max_spa	Tulip	33
17	-900.0	lp_max_spa	Tulip	26
18	-900.0	lp_max_spa	Tulip	34
19	-900.0	lp_max_spa	Tulip	15
20	-900.0	lp_max_spa	Tulip	53
21	-900.0	lp_max_spa	Tulip	28
22	-900.0	lp_max_spa	Tulip	9
23	-900.0	lp_max_spa	Tulip	49
24	-900.0	lp_max_spa	Tulip	24
25	-900.0	lp_max_spa	Tulip	19
26	-900.0	lp_max_spa	Tulip	40
27	-900.0	lp_max_spa	Tulip	27
28	-900.0	lp_max_spa	Tulip	23
29	-900.0	lp_max_spa	Tulip	44
30	-4.008310674848841	lp_max_spa	Tulip	11
31	-900.0	lp_max_spa	Tulip	51
32	-900.0	lp_max_spa	Tulip	37
33	-900.0	lp_max_spa	Tulip	38
34	-900.0	lp_max_spa	Tulip	10
35	-900.0	lp_max_spa	Tulip	14
36	-900.0	lp_max_spa	Tulip	7
37	-900.0	lp_max_spa	Tulip	41
38	-3.207763143306621	lp_max_spa	Tulip	17
39	-900.0	lp_max_spa	Tulip	32
40	-900.0	lp_max_spa	Tulip	16
41	-900.0	lp_max_spa	Tulip	25
42	-900.0	lp_max_spa	Tulip	13
43	-900.0	lp_max_spa	Tulip	35
44	-900.0	lp_max_spa	Tulip	46
45	-2.1580198988597434	lp_max_spa	Tulip	18
46	-900.0	lp_max_spa	Tulip	20
47	-1.6428126895565207	lp_max_spa	Tulip	1
48	-1.5924470357668206	lp_max_spa	Tulip	3
49	-1.5343448228053682	lp_max_spa	Tulip	55
50	-1.4424939045309342	lp_max_spa	Tulip	8
51	-1.3507103856122133	lp_max_spa	Tulip	39
52	-1.2686627173870035	lp_max_spa	Tulip	6
53	-1.2275078860219748	lp_max_spa	Tulip	12
54	-1.110902932827664	lp_max_spa	Tulip	5
55	-1.0287644545287478	lp_max_spa	Tulip	30
1	-900.0	lp_min_spa	GLPK	47
2	-900.0	lp_min_spa	GLPK	2
3	-900.0	lp_min_spa	GLPK	52
4	-5.080545342659683	lp_min_spa	GLPK	4
5	-4.717231535562309	lp_min_spa	GLPK	29
6	-4.267826777294277	lp_min_spa	GLPK	48
7	-5.400332814344448	lp_min_spa	GLPK	42
8	-4.844287617898183	lp_min_spa	GLPK	22
9	-4.309571474283124	lp_min_spa	GLPK	43
10	-4.531503782810518	lp_min_spa	GLPK	21
11	-900.0	lp_min_spa	GLPK	54
12	-5.4103354778882355	lp_min_spa	GLPK	50
13	-4.424803078097018	lp_min_spa	GLPK	36
14	-900.0	lp_min_spa	GLPK	45
15	-4.548146070836001	lp_min_spa	GLPK	31
16	-4.205603505528025	lp_min_spa	GLPK	33
17	-4.025560663220893	lp_min_spa	GLPK	26
18	-900.0	lp_min_spa	GLPK	34
19	-4.1015305379052185	lp_min_spa	GLPK	15
20	-900.0	lp_min_spa	GLPK	53
21	-4.630036193950411	lp_min_spa	GLPK	28
22	-4.380279401409364	lp_min_spa	GLPK	9
23	-4.241538405039775	lp_min_spa	GLPK	49
24	-4.312773469335803	lp_min_spa	GLPK	24
25	-4.080108050091736	lp_min_spa	GLPK	19
26	-4.04896407561997	lp_min_spa	GLPK	40
27	-4.175141495166962	lp_min_spa	GLPK	27
28	-4.143166426421819	lp_min_spa	GLPK	23
29	-900.0	lp_min_spa	GLPK	44
30	-4.008928183983009	lp_min_spa	GLPK	11
31	-4.862563323204944	lp_min_spa	GLPK	51
32	-4.338044763299642	lp_min_spa	GLPK	37
33	-4.239415427984146	lp_min_spa	GLPK	38
34	-4.744705143306797	lp_min_spa	GLPK	10
35	-3.544715844616243	lp_min_spa	GLPK	14
36	-3.361074978774169	lp_min_spa	GLPK	7
37	-4.079445208124323	lp_min_spa	GLPK	41
38	-3.2076624516886922	lp_min_spa	GLPK	17
39	-3.2375866985947592	lp_min_spa	GLPK	32
40	-3.106882493405156	lp_min_spa	GLPK	16
41	-2.9770211005575318	lp_min_spa	GLPK	25
42	-2.848769336228363	lp_min_spa	GLPK	13
43	-2.7746189228839104	lp_min_spa	GLPK	35
44	-2.4451899110469935	lp_min_spa	GLPK	46
45	-2.158128305322103	lp_min_spa	GLPK	18
46	-1.764793276896443	lp_min_spa	GLPK	20
47	-1.642916912956457	lp_min_spa	GLPK	1
48	-1.5925321686159728	lp_min_spa	GLPK	3
49	-1.5344403159481155	lp_min_spa	GLPK	55
50	-1.44259894539803	lp_min_spa	GLPK	8
51	-1.350809682151816	lp_min_spa	GLPK	39
52	-1.2687604539957602	lp_min_spa	GLPK	6
53	-1.2276094153090948	lp_min_spa	GLPK	12
54	-1.111006418833398	lp_min_spa	GLPK	5
55	-1.0288642819963998	lp_min_spa	GLPK	30
1	-900.0	lp_min_spa	Gurobi	47
2	-900.0	lp_min_spa	Gurobi	2
3	-900.0	lp_min_spa	Gurobi	52
4	-900.0	lp_min_spa	Gurobi	4
5	-900.0	lp_min_spa	Gurobi	29
6	-900.0	lp_min_spa	Gurobi	48
7	-900.0	lp_min_spa	Gurobi	42
8	-900.0	lp_min_spa	Gurobi	22
9	-900.0	lp_min_spa	Gurobi	43
10	-900.0	lp_min_spa	Gurobi	21
11	-4.434526285860291	lp_min_spa	Gurobi	54
12	-900.0	lp_min_spa	Gurobi	50
13	-900.0	lp_min_spa	Gurobi	36
14	-900.0	lp_min_spa	Gurobi	45
15	-900.0	lp_min_spa	Gurobi	31
16	-900.0	lp_min_spa	Gurobi	33
17	-900.0	lp_min_spa	Gurobi	26
18	-900.0	lp_min_spa	Gurobi	34
19	-900.0	lp_min_spa	Gurobi	15
20	-900.0	lp_min_spa	Gurobi	53
21	-900.0	lp_min_spa	Gurobi	28
22	-900.0	lp_min_spa	Gurobi	9
23	-900.0	lp_min_spa	Gurobi	49
24	-900.0	lp_min_spa	Gurobi	24
25	-900.0	lp_min_spa	Gurobi	19
26	-900.0	lp_min_spa	Gurobi	40
27	-900.0	lp_min_spa	Gurobi	27
28	-900.0	lp_min_spa	Gurobi	23
29	-3.928461240667704	lp_min_spa	Gurobi	44
30	-4.008310674848841	lp_min_spa	Gurobi	11
31	-3.887895323510516	lp_min_spa	Gurobi	51
32	-3.037624732169587	lp_min_spa	Gurobi	37
33	-3.476349430862615	lp_min_spa	Gurobi	38
34	-900.0	lp_min_spa	Gurobi	10
35	-3.4383530334877097	lp_min_spa	Gurobi	14
36	-3.37894813229749	lp_min_spa	Gurobi	7
37	-900.0	lp_min_spa	Gurobi	41
38	-3.207763143306621	lp_min_spa	Gurobi	17
39	-3.222855747057174	lp_min_spa	Gurobi	32
40	-3.0253968422464177	lp_min_spa	Gurobi	16
41	-2.900864435488555	lp_min_spa	Gurobi	25
42	-2.8282656903322216	lp_min_spa	Gurobi	13
43	-2.756577282260625	lp_min_spa	Gurobi	35
44	-2.6113323046330064	lp_min_spa	Gurobi	46
45	-2.1580198988597434	lp_min_spa	Gurobi	18
46	-1.7625707196062872	lp_min_spa	Gurobi	20
47	-1.6428126895565207	lp_min_spa	Gurobi	1
48	-1.5924470357668206	lp_min_spa	Gurobi	3
49	-1.5343448228053682	lp_min_spa	Gurobi	55
50	-1.4424939045309342	lp_min_spa	Gurobi	8
51	-1.3507103856122133	lp_min_spa	Gurobi	39
52	-1.2686627173870035	lp_min_spa	Gurobi	6
53	-1.2275078860219748	lp_min_spa	Gurobi	12
54	-1.110902932827664	lp_min_spa	Gurobi	5
55	-1.0287644545287478	lp_min_spa	Gurobi	30
1	-900.0	lp_min_spa	SCIP	47
2	-4.434524809174055	lp_min_spa	SCIP	2
3	-900.0	lp_min_spa	SCIP	52
4	-900.0	lp_min_spa	SCIP	4
5	-900.0	lp_min_spa	SCIP	29
6	-900.0	lp_min_spa	SCIP	48
7	-900.0	lp_min_spa	SCIP	42
8	-4.0909551415916905	lp_min_spa	SCIP	22
9	-900.0	lp_min_spa	SCIP	43
10	-900.0	lp_min_spa	SCIP	21
11	-900.0	lp_min_spa	SCIP	54
12	-900.0	lp_min_spa	SCIP	50
13	-900.0	lp_min_spa	SCIP	36
14	-900.0	lp_min_spa	SCIP	45
15	-4.315622121959517	lp_min_spa	SCIP	31
16	-900.0	lp_min_spa	SCIP	33
17	-900.0	lp_min_spa	SCIP	26
18	-900.0	lp_min_spa	SCIP	34
19	-900.0	lp_min_spa	SCIP	15
20	-900.0	lp_min_spa	SCIP	53
21	-900.0	lp_min_spa	SCIP	28
22	-900.0	lp_min_spa	SCIP	9
23	-900.0	lp_min_spa	SCIP	49
24	-900.0	lp_min_spa	SCIP	24
25	-3.037625238824961	lp_min_spa	SCIP	19
26	-900.0	lp_min_spa	SCIP	40
27	-900.0	lp_min_spa	SCIP	27
28	-900.0	lp_min_spa	SCIP	23
29	-900.0	lp_min_spa	SCIP	44
30	-4.008310674848841	lp_min_spa	SCIP	11
31	-900.0	lp_min_spa	SCIP	51
32	-900.0	lp_min_spa	SCIP	37
33	-900.0	lp_min_spa	SCIP	38
34	-3.5442457476362934	lp_min_spa	SCIP	10
35	-3.438349024566876	lp_min_spa	SCIP	14
36	-3.37894813229749	lp_min_spa	SCIP	7
37	-900.0	lp_min_spa	SCIP	41
38	-3.207763143306621	lp_min_spa	SCIP	17
39	-3.1155994857378637	lp_min_spa	SCIP	32
40	-4.581834565077132	lp_min_spa	SCIP	16
41	-3.0128504225998367	lp_min_spa	SCIP	25
42	-2.8282656903322216	lp_min_spa	SCIP	13
43	-2.756577282260625	lp_min_spa	SCIP	35
44	-2.4379060725375785	lp_min_spa	SCIP	46
45	-2.1580198988597434	lp_min_spa	SCIP	18
46	-1.7625707267360597	lp_min_spa	SCIP	20
47	-1.6428126895565207	lp_min_spa	SCIP	1
48	-1.5924470357668206	lp_min_spa	SCIP	3
49	-1.5343448228053682	lp_min_spa	SCIP	55
50	-1.4424939045309342	lp_min_spa	SCIP	8
51	-1.3507103856122133	lp_min_spa	SCIP	39
52	-1.2686627173870035	lp_min_spa	SCIP	6
53	-1.2275078860219748	lp_min_spa	SCIP	12
54	-1.110902932827664	lp_min_spa	SCIP	5
55	-1.0287644545287478	lp_min_spa	SCIP	30
1	-900.0	lp_min_spa	CDDLib	47
2	-900.0	lp_min_spa	CDDLib	2
3	-900.0	lp_min_spa	CDDLib	52
4	-900.0	lp_min_spa	CDDLib	4
5	-900.0	lp_min_spa	CDDLib	29
6	-900.0	lp_min_spa	CDDLib	48
7	-900.0	lp_min_spa	CDDLib	42
8	-900.0	lp_min_spa	CDDLib	22
9	-900.0	lp_min_spa	CDDLib	43
10	-900.0	lp_min_spa	CDDLib	21
11	-4.434524809176207	lp_min_spa	CDDLib	54
12	-900.0	lp_min_spa	CDDLib	50
13	-900.0	lp_min_spa	CDDLib	36
14	-900.0	lp_min_spa	CDDLib	45
15	-900.0	lp_min_spa	CDDLib	31
16	-900.0	lp_min_spa	CDDLib	33
17	-900.0	lp_min_spa	CDDLib	26
18	-900.0	lp_min_spa	CDDLib	34
19	-900.0	lp_min_spa	CDDLib	15
20	-900.0	lp_min_spa	CDDLib	53
21	-900.0	lp_min_spa	CDDLib	28
22	-900.0	lp_min_spa	CDDLib	9
23	-900.0	lp_min_spa	CDDLib	49
24	-3.887889790981916	lp_min_spa	CDDLib	24
25	-900.0	lp_min_spa	CDDLib	19
26	-900.0	lp_min_spa	CDDLib	40
27	-900.0	lp_min_spa	CDDLib	27
28	-900.0	lp_min_spa	CDDLib	23
29	-3.9284889548994344	lp_min_spa	CDDLib	44
30	-4.008305661896771	lp_min_spa	CDDLib	11
31	-900.0	lp_min_spa	CDDLib	51
32	-3.037625238825155	lp_min_spa	CDDLib	37
33	-3.4763582345651565	lp_min_spa	CDDLib	38
34	-900.0	lp_min_spa	CDDLib	10
35	-3.438349024566877	lp_min_spa	CDDLib	14
36	-3.3789480492860258	lp_min_spa	CDDLib	7
37	-900.0	lp_min_spa	CDDLib	41
38	-3.207763143306621	lp_min_spa	CDDLib	17
39	-3.2228974936292354	lp_min_spa	CDDLib	32
40	-3.0895110308464337	lp_min_spa	CDDLib	16
41	-2.900863845177407	lp_min_spa	CDDLib	25
42	-2.8282652361591567	lp_min_spa	CDDLib	13
43	-2.756576813772997	lp_min_spa	CDDLib	35
44	-2.5889351413112993	lp_min_spa	CDDLib	46
45	-2.1580198988597434	lp_min_spa	CDDLib	18
46	-1.7625707267360595	lp_min_spa	CDDLib	20
47	-1.642811624258626	lp_min_spa	CDDLib	1
48	-1.5924470469671226	lp_min_spa	CDDLib	3
49	-1.5343456601940695	lp_min_spa	CDDLib	55
50	-1.4424939045309342	lp_min_spa	CDDLib	8
51	-1.350710937361419	lp_min_spa	CDDLib	39
52	-1.2686627173870035	lp_min_spa	CDDLib	6
53	-1.2275078974104034	lp_min_spa	CDDLib	12
54	-1.1109029335285796	lp_min_spa	CDDLib	5
55	-1.02876445548185	lp_min_spa	CDDLib	30
1	-5.50933942415523	lp_min_spa	ECOS	47
2	-5.5210902310866725	lp_min_spa	ECOS	2
3	-5.460266670651164	lp_min_spa	ECOS	52
4	-5.30821994205862	lp_min_spa	ECOS	4
5	-5.125954281030766	lp_min_spa	ECOS	29
6	-4.917600862020039	lp_min_spa	ECOS	48
7	-5.3295849428515725	lp_min_spa	ECOS	42
8	-5.094244417528255	lp_min_spa	ECOS	22
9	-4.847464952514709	lp_min_spa	ECOS	43
10	-5.341243948284081	lp_min_spa	ECOS	21
11	-5.3063935492149845	lp_min_spa	ECOS	54
12	-5.0271247357947155	lp_min_spa	ECOS	50
13	-4.785679600851467	lp_min_spa	ECOS	36
14	-4.901996618791823	lp_min_spa	ECOS	45
15	-4.68162963251842	lp_min_spa	ECOS	31
16	-4.329047747555032	lp_min_spa	ECOS	33
17	-4.343269121448756	lp_min_spa	ECOS	26
18	-5.463565245296605	lp_min_spa	ECOS	34
19	-4.127320665738311	lp_min_spa	ECOS	15
20	-4.845503246752749	lp_min_spa	ECOS	53
21	-4.5252966944293345	lp_min_spa	ECOS	28
22	-5.332005567545882	lp_min_spa	ECOS	9
23	-4.022744741485535	lp_min_spa	ECOS	49
24	-4.541110888618228	lp_min_spa	ECOS	24
25	-4.011254894152856	lp_min_spa	ECOS	19
26	-4.002415994721459	lp_min_spa	ECOS	40
27	-3.97133075195794	lp_min_spa	ECOS	27
28	-3.957858734061886	lp_min_spa	ECOS	23
29	-4.857700075124489	lp_min_spa	ECOS	44
30	-4.008366279866468	lp_min_spa	ECOS	11
31	-4.4788449530635726	lp_min_spa	ECOS	51
32	-3.9232146377560193	lp_min_spa	ECOS	37
33	-4.044273990979078	lp_min_spa	ECOS	38
34	-4.043677674648576	lp_min_spa	ECOS	10
35	-3.5378138324567963	lp_min_spa	ECOS	14
36	-3.3825386410111644	lp_min_spa	ECOS	7
37	-4.126621820308934	lp_min_spa	ECOS	41
38	-3.2077618391936635	lp_min_spa	ECOS	17
39	-3.247641364853672	lp_min_spa	ECOS	32
40	-3.090198232323846	lp_min_spa	ECOS	16
41	-2.9908802823056	lp_min_spa	ECOS	25
42	-2.860686827300092	lp_min_spa	ECOS	13
43	-2.784797821524287	lp_min_spa	ECOS	35
44	-2.4624654618958486	lp_min_spa	ECOS	46
45	-2.1580201261569862	lp_min_spa	ECOS	18
46	-1.764453018089999	lp_min_spa	ECOS	20
47	-1.6428126680155644	lp_min_spa	ECOS	1
48	-1.5924470369176635	lp_min_spa	ECOS	3
49	-1.5343449252161971	lp_min_spa	ECOS	55
50	-1.4424939372763426	lp_min_spa	ECOS	8
51	-1.3507104542607284	lp_min_spa	ECOS	39
52	-1.2686627325525461	lp_min_spa	ECOS	6
53	-1.227507906428675	lp_min_spa	ECOS	12
54	-1.1109029347275896	lp_min_spa	ECOS	5
55	-1.0287644572460781	lp_min_spa	ECOS	30
1	-900.0	lp_min_spa	OSQP	47
2	-900.0	lp_min_spa	OSQP	2
3	-900.0	lp_min_spa	OSQP	52
4	-4.434524809174055	lp_min_spa	OSQP	4
5	-900.0	lp_min_spa	OSQP	29
6	-900.0	lp_min_spa	OSQP	48
7	-900.0	lp_min_spa	OSQP	42
8	-3.9286986176636867	lp_min_spa	OSQP	22
9	-900.0	lp_min_spa	OSQP	43
10	-900.0	lp_min_spa	OSQP	21
11	-900.0	lp_min_spa	OSQP	54
12	-900.0	lp_min_spa	OSQP	50
13	-900.0	lp_min_spa	OSQP	36
14	-900.0	lp_min_spa	OSQP	45
15	-900.0	lp_min_spa	OSQP	31
16	-900.0	lp_min_spa	OSQP	33
17	-3.5269849631683923	lp_min_spa	OSQP	26
18	-900.0	lp_min_spa	OSQP	34
19	-3.438349024566876	lp_min_spa	OSQP	15
20	-900.0	lp_min_spa	OSQP	53
21	-900.0	lp_min_spa	OSQP	28
22	-900.0	lp_min_spa	OSQP	9
23	-900.0	lp_min_spa	OSQP	49
24	-4.935165339652131	lp_min_spa	OSQP	24
25	-3.5928239390489463	lp_min_spa	OSQP	19
26	-900.0	lp_min_spa	OSQP	40
27	-900.0	lp_min_spa	OSQP	27
28	-900.0	lp_min_spa	OSQP	23
29	-900.0	lp_min_spa	OSQP	44
30	-4.008305661896752	lp_min_spa	OSQP	11
31	-900.0	lp_min_spa	OSQP	51
32	-900.0	lp_min_spa	OSQP	37
33	-900.0	lp_min_spa	OSQP	38
34	-900.0	lp_min_spa	OSQP	10
35	-900.0	lp_min_spa	OSQP	14
36	-3.37894813229749	lp_min_spa	OSQP	7
37	-900.0	lp_min_spa	OSQP	41
38	-3.2077631302502483	lp_min_spa	OSQP	17
39	-3.1090976915518	lp_min_spa	OSQP	32
40	-3.1699318489666672	lp_min_spa	OSQP	16
41	-3.0180695917324383	lp_min_spa	OSQP	25
42	-2.8282659147415528	lp_min_spa	OSQP	13
43	-2.7565767939683674	lp_min_spa	OSQP	35
44	-2.4379060868509583	lp_min_spa	OSQP	46
45	-2.1580198988597434	lp_min_spa	OSQP	18
46	-1.7625707267360597	lp_min_spa	OSQP	20
47	-1.6428126895565207	lp_min_spa	OSQP	1
48	-1.5924470357668206	lp_min_spa	OSQP	3
49	-1.5343448162823536	lp_min_spa	OSQP	55
50	-1.4424939045309342	lp_min_spa	OSQP	8
51	-1.3507103844412414	lp_min_spa	OSQP	39
52	-1.2686627167430526	lp_min_spa	OSQP	6
53	-1.2275078860219748	lp_min_spa	OSQP	12
54	-1.1109029335285796	lp_min_spa	OSQP	5
55	-1.0287644545287478	lp_min_spa	OSQP	30
1	-5.657822338009193	lp_min_spa	ProxSDP	47
2	-900.0	lp_min_spa	ProxSDP	2
3	-900.0	lp_min_spa	ProxSDP	52
4	-4.601111360566874	lp_min_spa	ProxSDP	4
5	-4.579677618221306	lp_min_spa	ProxSDP	29
6	-4.235980465176967	lp_min_spa	ProxSDP	48
7	-5.021180172468807	lp_min_spa	ProxSDP	42
8	-4.966915999218385	lp_min_spa	ProxSDP	22
9	-4.3711168011911115	lp_min_spa	ProxSDP	43
10	-4.982546209136137	lp_min_spa	ProxSDP	21
11	-5.025450367601985	lp_min_spa	ProxSDP	54
12	-4.970682448397987	lp_min_spa	ProxSDP	50
13	-4.372068999296732	lp_min_spa	ProxSDP	36
14	-900.0	lp_min_spa	ProxSDP	45
15	-4.308228077178868	lp_min_spa	ProxSDP	31
16	-4.091863831502305	lp_min_spa	ProxSDP	33
17	-4.0880627945720125	lp_min_spa	ProxSDP	26
18	-900.0	lp_min_spa	ProxSDP	34
19	-4.182168546540592	lp_min_spa	ProxSDP	15
20	-900.0	lp_min_spa	ProxSDP	53
21	-4.473047682813061	lp_min_spa	ProxSDP	28
22	-4.385094692579383	lp_min_spa	ProxSDP	9
23	-4.184393667126464	lp_min_spa	ProxSDP	49
24	-4.4617590736386274	lp_min_spa	ProxSDP	24
25	-4.178549567331153	lp_min_spa	ProxSDP	19
26	-4.179694917141609	lp_min_spa	ProxSDP	40
27	-4.181233141547926	lp_min_spa	ProxSDP	27
28	-4.181315000097231	lp_min_spa	ProxSDP	23
29	-900.0	lp_min_spa	ProxSDP	44
30	-4.218148166266049	lp_min_spa	ProxSDP	11
31	-4.474252120070373	lp_min_spa	ProxSDP	51
32	-4.185012876656897	lp_min_spa	ProxSDP	37
33	-4.806576457037196	lp_min_spa	ProxSDP	38
34	-4.787221020686419	lp_min_spa	ProxSDP	10
35	-3.522577198246103	lp_min_spa	ProxSDP	14
36	-3.353380453428836	lp_min_spa	ProxSDP	7
37	-4.180775624260705	lp_min_spa	ProxSDP	41
38	-3.297751652773904	lp_min_spa	ProxSDP	17
39	-3.230902718876561	lp_min_spa	ProxSDP	32
40	-3.0755761340890566	lp_min_spa	ProxSDP	16
41	-2.9638841924354993	lp_min_spa	ProxSDP	25
42	-2.850413925957865	lp_min_spa	ProxSDP	13
43	-2.7754301856463677	lp_min_spa	ProxSDP	35
44	-2.4506319723979826	lp_min_spa	ProxSDP	46
45	-2.152992912489682	lp_min_spa	ProxSDP	18
46	-1.7645221587079307	lp_min_spa	ProxSDP	20
47	-1.6428774213424822	lp_min_spa	ProxSDP	1
48	-1.5925168363829494	lp_min_spa	ProxSDP	3
49	-1.5344773660434916	lp_min_spa	ProxSDP	55
50	-1.4424939048853522	lp_min_spa	ProxSDP	8
51	-1.3507972232594023	lp_min_spa	ProxSDP	39
52	-1.268663981587819	lp_min_spa	ProxSDP	6
53	-1.2274739958405574	lp_min_spa	ProxSDP	12
54	-1.1109283755830317	lp_min_spa	ProxSDP	5
55	-1.028762387878624	lp_min_spa	ProxSDP	30
1	-900.0	lp_min_spa	Tulip	47
2	-900.0	lp_min_spa	Tulip	2
3	-900.0	lp_min_spa	Tulip	52
4	-900.0	lp_min_spa	Tulip	4
5	-900.0	lp_min_spa	Tulip	29
6	-900.0	lp_min_spa	Tulip	48
7	-900.0	lp_min_spa	Tulip	42
8	-900.0	lp_min_spa	Tulip	22
9	-900.0	lp_min_spa	Tulip	43
10	-900.0	lp_min_spa	Tulip	21
11	-900.0	lp_min_spa	Tulip	54
12	-900.0	lp_min_spa	Tulip	50
13	-900.0	lp_min_spa	Tulip	36
14	-900.0	lp_min_spa	Tulip	45
15	-900.0	lp_min_spa	Tulip	31
16	-900.0	lp_min_spa	Tulip	33
17	-900.0	lp_min_spa	Tulip	26
18	-900.0	lp_min_spa	Tulip	34
19	-900.0	lp_min_spa	Tulip	15
20	-900.0	lp_min_spa	Tulip	53
21	-900.0	lp_min_spa	Tulip	28
22	-900.0	lp_min_spa	Tulip	9
23	-900.0	lp_min_spa	Tulip	49
24	-900.0	lp_min_spa	Tulip	24
25	-900.0	lp_min_spa	Tulip	19
26	-900.0	lp_min_spa	Tulip	40
27	-900.0	lp_min_spa	Tulip	27
28	-900.0	lp_min_spa	Tulip	23
29	-900.0	lp_min_spa	Tulip	44
30	-4.008310674848841	lp_min_spa	Tulip	11
31	-900.0	lp_min_spa	Tulip	51
32	-900.0	lp_min_spa	Tulip	37
33	-900.0	lp_min_spa	Tulip	38
34	-900.0	lp_min_spa	Tulip	10
35	-900.0	lp_min_spa	Tulip	14
36	-900.0	lp_min_spa	Tulip	7
37	-900.0	lp_min_spa	Tulip	41
38	-3.207763143306621	lp_min_spa	Tulip	17
39	-900.0	lp_min_spa	Tulip	32
40	-900.0	lp_min_spa	Tulip	16
41	-900.0	lp_min_spa	Tulip	25
42	-900.0	lp_min_spa	Tulip	13
43	-900.0	lp_min_spa	Tulip	35
44	-900.0	lp_min_spa	Tulip	46
45	-2.1580198988597434	lp_min_spa	Tulip	18
46	-900.0	lp_min_spa	Tulip	20
47	-1.6428126895565207	lp_min_spa	Tulip	1
48	-1.5924470357668206	lp_min_spa	Tulip	3
49	-1.5343448228053682	lp_min_spa	Tulip	55
50	-1.4424939045309342	lp_min_spa	Tulip	8
51	-1.3507103856122133	lp_min_spa	Tulip	39
52	-1.2686627173870035	lp_min_spa	Tulip	6
53	-1.2275078860219748	lp_min_spa	Tulip	12
54	-1.110902932827664	lp_min_spa	Tulip	5
55	-1.0287644545287478	lp_min_spa	Tulip	30
1	-4.434526285860291	milp	Gurobi	47
2	-900.0	milp	Gurobi	2
3	-900.0	milp	Gurobi	52
4	-900.0	milp	Gurobi	4
5	-4.090762726460207	milp	Gurobi	29
6	-900.0	milp	Gurobi	48
7	-900.0	milp	Gurobi	42
8	-900.0	milp	Gurobi	22
9	-900.0	milp	Gurobi	43
10	-900.0	milp	Gurobi	21
11	-900.0	milp	Gurobi	54
12	-900.0	milp	Gurobi	50
13	-900.0	milp	Gurobi	36
14	-900.0	milp	Gurobi	45
15	-4.315943801885192	milp	Gurobi	31
16	-3.775403593110413	milp	Gurobi	33
17	-900.0	milp	Gurobi	26
18	-900.0	milp	Gurobi	34
19	-3.4383530334877097	milp	Gurobi	15
20	-900.0	milp	Gurobi	53
21	-900.0	milp	Gurobi	28
22	-900.0	milp	Gurobi	9
23	-3.4147317209247756	milp	Gurobi	49
24	-900.0	milp	Gurobi	24
25	-900.0	milp	Gurobi	19
26	-900.0	milp	Gurobi	40
27	-900.0	milp	Gurobi	27
28	-900.0	milp	Gurobi	23
29	-900.0	milp	Gurobi	44
30	-4.008310674848841	milp	Gurobi	11
31	-900.0	milp	Gurobi	51
32	-900.0	milp	Gurobi	37
33	-900.0	milp	Gurobi	38
34	-900.0	milp	Gurobi	10
35	-900.0	milp	Gurobi	14
36	-3.3789480492860258	milp	Gurobi	7
37	-900.0	milp	Gurobi	41
38	-3.207763143306621	milp	Gurobi	17
39	-3.6702003965161163	milp	Gurobi	32
40	-3.0253968422464177	milp	Gurobi	16
41	-2.900863845177407	milp	Gurobi	25
42	-2.828265878179668	milp	Gurobi	13
43	-2.756577282260625	milp	Gurobi	35
44	-2.4379060725375785	milp	Gurobi	46
45	-2.1580198988597434	milp	Gurobi	18
46	-1.7625707196062872	milp	Gurobi	20
47	-1.6428126895565207	milp	Gurobi	1
48	-1.5924470357668206	milp	Gurobi	3
49	-1.5343448228053682	milp	Gurobi	55
50	-1.4424939045309342	milp	Gurobi	8
51	-1.3507103856122133	milp	Gurobi	39
52	-1.2686627173870035	milp	Gurobi	6
53	-1.2275078860219748	milp	Gurobi	12
54	-1.110902932827664	milp	Gurobi	5
55	-1.0287644545287478	milp	Gurobi	30
